<?xml version="1.0" encoding="utf-8" ?><dwsync><file name="index.html" server="192.168.1.19//" local="3568362292" remote="3568362296" Dst="-1" /><file name="montage2K.mp4" server="192.168.1.19//" local="3509359586" remote="-4611768650029873029" Dst="-1" /><file name="three.js" server="192.168.1.19//" local="3567731678" remote="1584655056742893691" Dst="-1" /><file name="CanvasRenderer.js" server="192.168.1.19//" local="3567731678" remote="1982683694836468716" Dst="-1" /><file name="Projector.js" server="192.168.1.19//" local="3567731678" remote="1982683694836468745" Dst="-1" /><file name="index.html" server="192.168.1.19" local="3568297533" remote="3568297535" Dst="-1" /><file name="three.js" server="192.168.1.19" local="3567731678" remote="3810811854086727122" Dst="-1" /><file name="montage2K.webm" server="192.168.1.19//" local="3568356069" remote="-4611768650029806752" Dst="-1" /></dwsync>